{
  "Route": [
    {
      "End": "New York",
      "ID": "<route><19169><SNe>",
      "Length": 26500.0,
      "Start": "Shanghai",
      "Transport": "Bus"
    },
    {
      "End": "Mexico",
      "ID": "<route><24464><DMe>",
      "Length": 26962.0,
      "Start": "Delhi",
      "Transport": "Plane"
    },
    {
      "End": "Shanghai",
      "ID": "<route><9961><SSh>",
      "Length": 16827.0,
      "Start": "Shanghai",
      "Transport": "Bus"
    },
    {
      "End": "Dhaka",
      "ID": "<route><5436><NDh>",
      "Length": 4827.0,
      "Start": "New York",
      "Transport": "Plane"
    },
    {
      "End": "Moscow",
      "ID": "<route><292><TMo>",
      "Length": 153.0,
      "Start": "Tokyo",
      "Transport": "Helicopter"
    },
    {
      "End": "Beijing",
      "ID": "<route><19895><OBe>",
      "Length": 19718.0,
      "Start": "Osaka",
      "Transport": "Bicycle"
    },
    {
      "End": "Mexico",
      "ID": "<route><1869><NMe>",
      "Length": 11538.0,
      "Start": "New York",
      "Transport": "Train"
    },
    {
      "End": "New York",
      "ID": "<route><9894><DNe>",
      "Length": 17035.0,
      "Start": "Delhi",
      "Transport": "Plane"
    },
    {
      "End": "Tokyo",
      "ID": "<route><17673><NTo>",
      "Length": 30333.0,
      "Start": "New York",
      "Transport": "Car"
    },
    {
      "End": "Beijing",
      "ID": "<route><6868><CBe>",
      "Length": 28253.0,
      "Start": "Cairo",
      "Transport": "Car"
    }
  ]
}
